ID,Name
1672397639038,HowToLocateandInstallAppsonAndroidandiOSDevices
1726080592536,Test Only Mobile First Architecture Promo PLP
abcat0010000,Gift Ideas
abcat0100000,TV & Home Theater
abcat0101000,TVs
abcat0101001,All Flat-Screen TVs
abcat0102000,Blu-ray & DVD Players
abcat0102003,Blu-ray Players
abcat0102005,DVD Players
abcat0104000,Digital TV Tuners & Converters
abcat0105000,TV & Internet Service Providers
abcat0106000,"TV Stands, Mounts & Furniture"
abcat0106001,TV Stands
abcat0106002,Speaker Stands
abcat0106004,TV Mounts
abcat0106007,Speaker Mounts
abcat0106008,A/V Component Racks & Shelving
abcat0106009,Home Theater Seating
abcat0106010,Media Storage
abcat0106011,Portable CD & DVD Storage
abcat0106015,Media Cabinets
abcat0106021,Gaming Chairs
abcat0107000,TV & Home Theater Accessories
abcat0107004,TV Antennas
abcat0107015,A/V Cables & Connectors
abcat0107020,HDMI Cables
abcat0107032,Speaker Selector Switches
abcat0107033,Subwoofer Accessories
abcat0107034,TV & Media Cleaning & Care
abcat0107036,TV Screen Protectors & Cleaners
abcat0107038,VCR Cleaners
abcat0107039,Remote Controls
abcat0107040,Universal TV Remotes
abcat0107045,A/V Surge Protectors & Power
abcat0200000,Audio
abcat0201010,MP3 Players
abcat0202001,CD Players & Recorders
abcat0202003,Receivers
abcat0202004,Amplifiers
abcat0202007,Turntables & Accessories
abcat0203000,Home Theater & Stereo Systems
abcat0204000,Headphones
abcat0205000,Speakers
abcat0205001,Bookshelf Speakers
abcat0205002,Center-Channel Speakers
abcat0205003,Floor Speakers
abcat0205004,Speaker Systems
abcat0205005,In-Wall Speakers
abcat0205006,Outdoor Speakers
abcat0205007,Sound Bars
abcat0205008,Subwoofer Speakers
abcat0206001,Boomboxes
abcat0206002,CD & Cassette Players
abcat0206003,Alarm Clock Radios
abcat0206005,Emergency Radios
abcat0206006,Portable Radios
abcat0207000,Musical Instruments
abcat0207005,Karaoke
abcat0208000,Home Audio Accessories
abcat0208002,Alkaline Batteries
abcat0208003,Lithium Batteries
abcat0208005,Rechargeable Batteries
abcat0208006,Specialty Batteries
abcat0208015,Speaker Accessories
abcat0208016,In-Wall Speaker Accessories
abcat0208024,Musical Instrument Accessories
abcat0208031,FM Transmitters
abcat0300000,Car Electronics & GPS
abcat0301000,GPS Navigation & Accessories
abcat0301002,In-Dash with GPS
abcat0301005,Marine GPS & Fishfinders
abcat0301006,Fitness Smartwatches
abcat0301014,Car GPS
abcat0302000,Car Audio
abcat0302001,Car Amplifiers
abcat0302002,2-Channel Amps
abcat0302003,Mono Subwoofer Amps
abcat0302004,Multi-Channel Amps
abcat0302005,Car Speakers
abcat0302011,CB Radios & Scanners
abcat0302012,Car Stereo Receivers
abcat0302019,Satellite Radios
abcat0302034,Car Subwoofers & Enclosures
abcat0302036,Car Subwoofer Boxes & Enclosures
abcat0302037,Component Subwoofers
abcat0303000,Car Video & DVD
abcat0303001,In-Dash with DVD
abcat0304000,Remote Start & Security Systems
abcat0305000,Radar Detectors
abcat0307001,GPS Accessories
abcat0307013,Cassette Adapters
abcat0307019,Car Video Accessories
abcat0400000,"Cameras, Camcorders & Drones"
abcat0401000,Digital Cameras
abcat0401001,Point & Shoot Cameras
abcat0401005,DSLR Cameras
abcat0403000,Camcorders
abcat0403004,Traditional Camcorders
abcat0404000,Memory Cards
abcat0404002,CompactFlash (CF)
abcat0404006,Memory Card Cases
abcat0404007,Memory Card Readers & Adapters
abcat0408000,Digital Photo Frames
abcat0409000,"Binoculars, Telescopes & Optics"
abcat0409001,Binoculars
abcat0409003,Telescopes
abcat0410000,Digital Camera Accessories
abcat0410001,Camera Bags & Cases
abcat0410012,Camera Batteries & Power
abcat0410018,Camera Lenses
abcat0410020,Filters
abcat0410022,Camcorder Accessories
abcat0410024,Camcorder Batteries & Power
abcat0410045,Camera Tripods & Support
abcat0500000,Computers & Tablets
abcat0501000,Desktop & All-in-One Computers
abcat0501005,All-in-One Computers
abcat0502000,Laptops
abcat0503000,Wi-Fi & Networking
abcat0503002,Wi-Fi Routers
abcat0503007,USB Wi-Fi Adapters
abcat0503012,Network Switches
abcat0503013,Modems
abcat0504001,"Hard Drives, SSD & Storage"
abcat0504004,Network Attached Storage (NAS)
abcat0504005,Optical Drives
abcat0504010,USB Flash Drives
abcat0506000,Memory (RAM)
abcat0506001,Desktop Memory
abcat0506002,Laptop Memory
abcat0507000,Computer Cards & Components
abcat0507002,GPUs / Video Graphics Cards
abcat0507003,Sound Cards
abcat0507006,Computer Cases
abcat0507007,"Fans, Heatsinks & Cooling"
abcat0507008,Motherboards
abcat0507009,Power Supplies
abcat0507010,CPUs / Processors
abcat0508000,Software
abcat0508001,Operating Systems
abcat0508003,Business & Office Software
abcat0508009,Office Software Suites
abcat0508013,Tax & Accounting Software
abcat0508014,Personal Finance Software
abcat0508015,Accounting & Bookkeeping Software
abcat0508016,Tax Preparation Software
abcat0508018,Design & Photography Software
abcat0508025,Photo Editing Software
abcat0508026,Video Editing Software
abcat0508028,Hobby & Leisure Software
abcat0508042,Antivirus & Security Software
abcat0508045,Internet Security Software
abcat0509000,Monitors
abcat0511001,"Printers, Ink & Toner"
abcat0511002,Inkjet Printers
abcat0511003,Laser Printers
abcat0511004,All-In-One Inkjet Printers
abcat0511005,All-In-One Laser Printers
abcat0511006,Photo Printers
abcat0511007,"Scanners, Faxes & Copiers"
abcat0511008,Flatbed Scanners
abcat0511010,Sheetfed Scanners
abcat0511011,Fax Machines & Copiers
abcat0513000,Mice & Keyboards
abcat0513001,Wireless & Bluetooth Mice
abcat0513002,Wired & USB Mice
abcat0513004,Computer Keyboards
abcat0513005,Keyboard & Mouse Combos
abcat0513006,Drawing Tablets
abcat0514000,Internet Services
abcat0515000,Computer Accessories & Peripherals
abcat0515008,Computer Cleaning & Repair
abcat0515012,Cables & Connectors
abcat0515013,USB Cables & Adapters
abcat0515016,Ethernet Cables
abcat0515020,PC Gaming Controllers
abcat0515023,Joysticks
abcat0515024,Racing Wheels
abcat0515025,Laptop Accessories
abcat0515028,Laptop Bags & Cases
abcat0515031,Monitor Mounts & Stands
abcat0515032,Mouse & Wrist Pads
abcat0515039,Computer Speakers
abcat0515040,Computer Headsets
abcat0515041,Computer Microphones
abcat0515042,Surge Protectors & Power
abcat0515043,Battery Backup (UPS)
abcat0515044,Surge Protectors
abcat0515046,Webcams
abcat0700000,Video Games
abcat0701012,Xbox One Digital
abcat0712000,PC Gaming
abcat0714014,Vehicles & Remote Control Toys
abcat0715000,Video Game Accessories
abcat0800000,Cell Phones
abcat0801002,Prepaid Phones & Plans
abcat0801003,Prepaid Phone Cards
abcat0802000,Telephones & Communication
abcat0802001,Cordless Telephones
abcat0802002,Corded Telephones
